Model,R2 Score,MAE
Linear Regression,0.8010143852849334,20282.81167445853
Polynomial Regression,0.8403252581588636,15906.353765603242
Lasso Regression,0.8396569785372622,15904.087218132065
Ridge Regression,0.8387231682740206,15986.694131999377
Elastic Net Regression,0.826167877047754,17937.81835698203
Ridge Regression (Tuned),0.8308911101599359,17365.09869548438
Elastic Net Regression (Tuned),0.8283024106928084,17698.75039924252
